<?xml version="1.0" encoding="UTF-8"?>
<jboss-deployment-structure>
	<deployment>
		<exclusions>
			<module name="org.apache.commons.logging" />
			<module name="org.apache.log4j" />
			<module name="org.jboss.logging" />
			<module name="org.jboss.logging.jul-to-slf4j-stub" />
			<module name="org.jboss.logmanager" />
			<module name="org.jboss.logmanager.log4j" />
			<module name="org.slf4j" />
			<module name="org.slf4j.impl" />
		</exclusions>
        <dependencies>
            <module name="jdk.unsupported"/>
        </dependencies>
	</deployment>
</jboss-deployment-structure>